cve_id,asset_id_code,title,description,severity,cvss_score,exploitability_score,status,epss_score,epss_percentile,is_cisa_kev,kev_date_added,affected_product,cpe_uri,confidence_score,source,remediation_guidance
CVE-2024-20353,A001,Cisco ASA Web Server Protocol Desync,Synthetic SIH 26105 demonstration data - not production data. Desynchronization flaw in HTTP header handling allowing denial of service,Medium,6.2,5.0,Open,0.0420,0.4500,FALSE,,Cisco ASA,cpe:2.3:a:cisco:asa:9.16.1:*:*:*:*:*:*:*,94.0,Simulated Vulnerability Feed,Apply Cisco software maintenance release
CVE-2023-44487,A001,HTTP/2 Rapid Reset Distributed Denial of Service,Synthetic SIH 26105 demonstration data - not production data. Stream multiplexing RST_STREAM flood leading to resource exhaustion,High,7.5,7.8,Open,0.1850,0.7200,FALSE,,Nginx Ingress,cpe:2.3:a:nginx:nginx:1.24.0:*:*:*:*:*:*:*,95.0,Simulated Vulnerability Feed,Enforce keepalive and concurrent stream limits
CVE-2023-38606,A002,OpenSSL Memory Corruption Buffer Overflow,Synthetic SIH 26105 demonstration data - not production data. Flaw in X.509 certificate verification triggering heap corruption,Critical,9.8,9.5,Open,0.9420,0.9850,TRUE,2024-01-15,OpenSSL,cpe:2.3:a:openssl:openssl:3.0.2:*:*:*:*:*:*:*,98.0,Simulated CISA KEV Feed,Upgrade OpenSSL package to 3.0.3+
CVE-2024-3094,A003,XZ Utils Embedded SSH Backdoor Attempt,Synthetic SIH 26105 demonstration data - not production data. Obfuscated payload in upstream tarball modifying liblzma symbol resolution,Critical,10.0,9.8,Open,0.9650,0.9920,TRUE,2024-03-30,XZ Utils,cpe:2.3:a:tukaani:xz:5.4.1:*:*:*:*:*:*:*,99.0,Simulated CISA KEV Feed,Revert xz to 5.4.0 and rotate keys
CVE-2023-4863,A005,libwebp Heap Buffer Overflow Code Execution,Synthetic SIH 26105 demonstration data - not production data. Out-of-bounds write in Huffman coding tables during lossless WebP decompression,High,8.8,8.2,Open,0.4500,0.8500,FALSE,,libwebp,cpe:2.3:a:google:libwebp:1.3.1:*:*:*:*:*:*:*,92.0,Simulated Vulnerability Feed,Apply libwebp upstream patch
CVE-2024-21626,A006,runc Container Breakout File Descriptor Leak,Synthetic SIH 26105 demonstration data - not production data. Internal file descriptor leak in runc init leading to host filesystem traversal,High,8.6,7.8,Open,0.3200,0.8100,FALSE,,runc,cpe:2.3:a:opencontainers:runc:1.1.11:*:*:*:*:*:*:*,94.0,Simulated Vulnerability Feed,Upgrade runc to 1.1.12+
CVE-2024-23897,A007,Jenkins CLI Arbitrary File Read Vulnerability,Synthetic SIH 26105 demonstration data - not production data. args4j parser feature reading arbitrary files using @ syntax,High,7.5,6.5,Resolved,0.1200,0.6500,FALSE,,Jenkins,cpe:2.3:a:jenkins:jenkins:2.441:*:*:*:*:*:*:*,90.0,Simulated Vulnerability Feed,Disable CLI over remoting
CVE-2023-3519,A008,Citrix ADC Unauthenticated Remote Code Execution,Synthetic SIH 26105 demonstration data - not production data. Buffer overflow in NetScaler appliance SAML SP endpoint,Critical,9.8,9.2,Open,0.9100,0.9800,TRUE,2023-08-10,Citrix ADC,cpe:2.3:a:citrix:netscaler_adc:13.1:*:*:*:*:*:*:*,98.0,Simulated CISA KEV Feed,Install Citrix vendor hotfix immediately
CVE-2024-1086,A009,Linux Kernel Netfilter Privilege Escalation,Synthetic SIH 26105 demonstration data - not production data. Use-after-free in nf_tables allowing local unprivileged privilege escalation,High,7.8,7.0,Open,0.2500,0.7700,FALSE,,Linux Kernel,cpe:2.3:o:linux:linux_kernel:6.5.0:*:*:*:*:*:*:*,93.0,Simulated Vulnerability Feed,Update kernel to 6.6.14+
CVE-2023-22515,A011,Atlassian Confluence Broken Access Control,Synthetic SIH 26105 demonstration data - not production data. Flaw in /setup/* endpoints allowing unauthorized administrator creation,Critical,9.8,9.4,Open,0.8900,0.9700,TRUE,2023-10-12,Confluence,cpe:2.3:a:atlassian:confluence:8.5.1:*:*:*:*:*:*:*,97.0,Simulated CISA KEV Feed,Upgrade to Confluence 8.5.3
CVE-2024-27198,A012,TeamCity Admin Authentication Bypass,Synthetic SIH 26105 demonstration data - not production data. Path traversal in web framework allowing unauthenticated administrator token issuance,Critical,9.8,9.0,Open,0.8700,0.9650,TRUE,2024-03-05,TeamCity,cpe:2.3:a:jetbrains:teamcity:2023.11.3:*:*:*:*:*:*:*,96.0,Simulated CISA KEV Feed,Apply JetBrains security patch
CVE-2023-27997,A014,FortiOS SSL-VPN Heap Buffer Overflow,Synthetic SIH 26105 demonstration data - not production data. Pre-authentication heap corruption in VPN portal handler,Critical,9.8,9.5,Open,0.9200,0.9810,TRUE,2023-06-20,FortiOS,cpe:2.3:o:fortinet:fortios:7.2.4:*:*:*:*:*:*:*,98.0,Simulated CISA KEV Feed,Upgrade FortiOS firmware to 7.2.5
CVE-2023-34362,A015,MOVEit Transfer SQL Injection Vulnerability,Synthetic SIH 26105 demonstration data - not production data. SQL injection in MOVEit Transfer web app allowing unauthorized database access,Critical,9.8,9.6,Mitigated,0.9500,0.9890,TRUE,2023-06-05,MOVEit Transfer,cpe:2.3:a:progress:moveit_transfer:2023.0.0:*:*:*:*:*:*:*,99.0,Simulated CISA KEV Feed,Apply patch and disable HTTP/HTTPS traffic to port
CVE-2024-3400,A016,Palo Alto PAN-OS Command Injection Vulnerability,Synthetic SIH 26105 demonstration data - not production data. Command injection in GlobalProtect gateway feature allowing root execution,Critical,10.0,9.7,Open,0.9750,0.9950,TRUE,2024-04-14,PAN-OS,cpe:2.3:o:paloaltonetworks:pan-os:10.2.9:*:*:*:*:*:*:*,99.0,Simulated CISA KEV Feed,Apply hotfix and disable device telemetry
CVE-2023-46805,A017,Ivanti Connect Secure Authentication Bypass,Synthetic SIH 26105 demonstration data - not production data. Flaw in web components of Ivanti Connect Secure allowing control bypass,High,8.2,8.5,Open,0.7400,0.9300,TRUE,2024-01-12,Connect Secure,cpe:2.3:a:ivanti:connect_secure:9.1:*:*:*:*:*:*:*,96.0,Simulated CISA KEV Feed,Apply Ivanti mitigation XML and patch
CVE-2023-29357,A018,Microsoft SharePoint Privilege Escalation,Synthetic SIH 26105 demonstration data - not production data. Elevation of privilege vulnerability via spoofed JWT token validation,High,8.8,7.2,Open,0.4200,0.8400,FALSE,,SharePoint Server,cpe:2.3:a:microsoft:sharepoint_server:2019:*:*:*:*:*:*:*,91.0,Simulated Vulnerability Feed,Install cumulative security update
CVE-2024-21413,A021,Microsoft Outlook Moniker Remote Code Execution,Synthetic SIH 26105 demonstration data - not production data. Flaw parsing # in file:// monikers triggering preview execution,Critical,9.8,8.9,Open,0.8500,0.9600,TRUE,2024-02-14,Outlook,cpe:2.3:a:microsoft:outlook:2016:*:*:*:*:*:*:*,96.0,Simulated CISA KEV Feed,Apply Microsoft February 2024 Security Update
CVE-2023-36884,A021,Windows HTML RCE Vulnerability,Synthetic SIH 26105 demonstration data - not production data. Remote code execution in MSHTML platform via malicious Office document,High,8.3,7.5,Resolved,0.2800,0.7900,FALSE,,Windows 10,cpe:2.3:o:microsoft:windows_10:22h2:*:*:*:*:*:*:*,90.0,Simulated Vulnerability Feed,Deploy Defender BLOCK_OFFICE_CREATE_PROCESS rule
CVE-2024-20674,A014,Windows Kerberos Security Feature Bypass,Synthetic SIH 26105 demonstration data - not production data. Kerberos authentication bypass flaw in domain controller handshake,High,7.5,6.0,Open,0.1500,0.6800,FALSE,,Windows Server,cpe:2.3:o:microsoft:windows_server_2022:*:*:*:*:*:*:*:*,92.0,Simulated Vulnerability Feed,Apply Windows Security Update
CVE-2023-23397,A022,Microsoft Outlook NTLM Credential Theft,Synthetic SIH 26105 demonstration data - not production data. Exploitation of PidLidReminderFileParameter to trigger NetNTLM hash leak,Critical,9.8,9.8,Open,0.9400,0.9840,TRUE,2023-03-15,Outlook,cpe:2.3:a:microsoft:outlook:2019:*:*:*:*:*:*:*,98.0,Simulated CISA KEV Feed,Block outbound SMB TCP port 445
CVE-2024-29972,A024,Zyxel NAS Command Injection in SetUnshareFile,Synthetic SIH 26105 demonstration data - not production data. Command injection flaw in CGI program SetUnshareFile,Critical,9.8,9.0,Open,0.8600,0.9620,TRUE,2024-06-10,NAS Firmware,cpe:2.3:o:zyxel:nas542_firmware:5.21:*:*:*:*:*:*:*,96.0,Simulated CISA KEV Feed,Apply Zyxel vendor hotfix
CVE-2023-2868,A024,Barracuda ESG Remote Command Injection,Synthetic SIH 26105 demonstration data - not production data. Incomplete sanitization of tar archive filenames in email attachment scanner,Critical,9.8,9.9,Open,0.9600,0.9910,TRUE,2023-05-24,ESG Appliance,cpe:2.3:h:barracuda:email_security_gateway:*:*:*:*:*:*:*:*,99.0,Simulated CISA KEV Feed,Replace compromised physical appliance
CVE-2024-21762,A025,FortiOS Out-of-Bounds Write Code Execution,Synthetic SIH 26105 demonstration data - not production data. Out-of-bounds write in sslvpnd web daemon leading to remote code execution,Critical,9.6,9.0,Open,0.8800,0.9680,TRUE,2024-02-09,FortiOS,cpe:2.3:o:fortinet:fortios:7.4.2:*:*:*:*:*:*:*,97.0,Simulated CISA KEV Feed,Disable SSL-VPN or upgrade to FortiOS 7.4.3
CVE-2023-24932,A016,Secure Boot Bypass Vulnerability BlackLotus,Synthetic SIH 26105 demonstration data - not production data. Vulnerability in Windows Boot Manager allowing bootkit persistence,Medium,6.7,5.5,Open,0.0800,0.5500,FALSE,,Windows Boot Manager,cpe:2.3:o:microsoft:windows_server_2019:*:*:*:*:*:*:*:*,89.0,Simulated Vulnerability Feed,Apply revocation list update to UEFI firmware
CVE-2024-21338,A019,Windows AppLocker Driver Privilege Escalation,Synthetic SIH 26105 demonstration data - not production data. Incomplete parameter check in appid.sys driver allowing arbitrary pointer call,High,7.8,7.4,Open,0.3100,0.8000,FALSE,,Windows Server,cpe:2.3:o:microsoft:windows_server_2022:*:*:*:*:*:*:*:*,93.0,Simulated Vulnerability Feed,Apply Windows Patch
CVE-2023-32315,A020,Openfire Administrative Console Path Traversal,Synthetic SIH 26105 demonstration data - not production data. Path traversal in setup-env.jsp permitting admin account provisioning,High,7.5,7.0,In Progress,0.2200,0.7400,FALSE,,Openfire,cpe:2.3:a:igniterealtime:openfire:4.7.4:*:*:*:*:*:*:*,91.0,Simulated Vulnerability Feed,Upgrade Openfire to 4.7.5
CVE-2024-0012,A015,PAN-OS Management Interface Authentication Bypass,Synthetic SIH 26105 demonstration data - not production data. Authentication bypass in web interface allowing root administration,Critical,9.3,8.5,Open,0.8100,0.9500,TRUE,2024-11-18,PAN-OS,cpe:2.3:o:paloaltonetworks:pan-os:11.1.2:*:*:*:*:*:*:*,96.0,Simulated CISA KEV Feed,Restrict management access to internal IPs
CVE-2023-20198,A010,Cisco IOS XE Web UI Privilege Escalation,Synthetic SIH 26105 demonstration data - not production data. Unauthenticated privilege escalation to level 15 administrator via web UI,Critical,10.0,10.0,Resolved,0.9800,0.9980,TRUE,2023-10-18,IOS XE,cpe:2.3:o:cisco:ios_xe:17.9.3:*:*:*:*:*:*:*,99.0,Simulated CISA KEV Feed,Disable HTTP Server feature or patch
CVE-2024-40766,A017,SonicWall SonicOS Improper Access Control,Synthetic SIH 26105 demonstration data - not production data. Access control vulnerability in management interface leading to unauthorized access,Critical,9.3,8.8,Open,0.8300,0.9550,TRUE,2024-08-22,SonicOS,cpe:2.3:o:sonicwall:sonicos:7.0.1:*:*:*:*:*:*:*,97.0,Simulated CISA KEV Feed,Apply SonicWall firmware patch
CVE-2023-38035,A009,Ivanti Sentry MICS Admin Portal Auth Bypass,Synthetic SIH 26105 demonstration data - not production data. Flaw in MICS admin portal allowing unauthorized system configuration changes,Critical,9.8,9.1,Open,0.8900,0.9720,TRUE,2023-08-21,Ivanti Sentry,cpe:2.3:a:ivanti:sentry:9.18.0:*:*:*:*:*:*:*,98.0,Simulated CISA KEV Feed,Block access to port 8443 or apply patch
