code,name,category,coverage_pct,effectiveness_pct,risk_reduction_weight,evidence_quality_score,owner,implementation_state,associated_services,description
CTL-MFA,Phishing-Resistant Multi-Factor Authentication (FIDO2),Identity,72.0,78.0,0.26,94.0,IAM Engineering Lead,Partially Implemented,SVC001;SVC002;SVC003;SVC004;SVC005;SVC008,Enforced FIDO2 WebAuthn hardware tokens across administrativebastions and financial transactional approval portals
CTL-SEG,Zero Trust Network Micro-Segmentation,Network,45.0,60.0,0.24,88.0,Network Security Architect,Partially Implemented,SVC001;SVC004;SVC006;SVC007;SVC010,East-west network policy enforcement isolating cardholder data environments from general corporate VPC subnets
CTL-WAF,Next-Generation Web Application & API Firewall,AppSec,75.0,82.0,0.19,91.0,AppSec Operations Lead,Implemented,SVC001;SVC002;SVC003;SVC006;SVC010,Layer 7 deep packet inspection OWASP Top 10 mitigation automated credential stuffing defense and rate limiting
CTL-EDR,Enterprise Endpoint Detection & Threat Containment (XDR),Endpoint,88.0,85.0,0.22,95.0,SecOps Operations Lead,Implemented,SVC001;SVC002;SVC003;SVC004;SVC005;SVC006;SVC007;SVC008;SVC009;SVC010,Kernel-level behavioral sensor telemetry automated malicious process isolation and 24/7 managed detection
CTL-PAM,Privileged Access Management & Session Vaulting,Identity,80.0,85.0,0.22,92.0,IAM Security Lead,Implemented,SVC001;SVC004;SVC005;SVC009,Automated credential rotation just-in-time privilege brokering and full cryptographic recording of bastion sessions
CTL-PATCH,Automated Vulnerability Patching & Hotfix Pipeline,Operations,68.0,70.0,0.18,89.0,DevSecOps Lead,Partially Implemented,SVC001;SVC002;SVC003;SVC004;SVC006;SVC008,Continuous automated package update staging and blue-green vulnerability patching for critical Linux and container nodes
CTL-BAK,Air-Gapped Immutable Backup & Cyber Recovery Vault,Data,92.0,95.0,0.20,96.0,Storage & Infrastructure Lead,Implemented,SVC001;SVC002;SVC004;SVC006;SVC007;SVC009,WORM object-locked air-gapped snapshots with daily automated cryptographic integrity verification and bare-metal drills
CTL-SIEM,Centralized Cloud SIEM & Behavioral Threat Telemetry,Operations,85.0,80.0,0.16,93.0,SOC Manager,Implemented,SVC001;SVC002;SVC003;SVC004;SVC005;SVC006;SVC007;SVC008;SVC009;SVC010,Real-time event log ingestion correlation rules and anomalous behavioral analytics across all cloud and on-prem nodes
CTL-DLP,Enterprise Data Loss Prevention & Classification,Data,58.0,65.0,0.14,86.0,Data Governance Officer,Partially Implemented,SVC002;SVC004;SVC006;SVC008;SVC009,Regex and machine-learning pattern recognition blocking unauthorized card numbers and customer PII across egress channels
CTL-ENCR-REST,AES-256 Envelope Encryption at Rest,Data,95.0,96.0,0.15,95.0,Cryptographic Systems Lead,Implemented,SVC001;SVC002;SVC004;SVC006;SVC007;SVC009,Automated KMS-managed envelope encryption for all block storage RDS databases and object lakes with annual key rotation
CTL-ENCR-TRANS,Mandatory TLS 1.3 Encryption in Transit with HSTS,Network,98.0,98.0,0.15,97.0,Network Operations Lead,Implemented,SVC001;SVC002;SVC003;SVC004;SVC005;SVC006;SVC007;SVC008;SVC009;SVC010,Strict enforcement of cipher suites TLS 1.3 with Perfect Forward Secrecy and preloaded HTTP Strict Transport Security
CTL-VM,Continuous Vulnerability Management & Assessment,Operations,82.0,78.0,0.15,90.0,Vulnerability Management Lead,Implemented,SVC001;SVC002;SVC003;SVC004;SVC005;SVC006;SVC007;SVC008;SVC009;SVC010,Daily authenticated credentialed scanning across internal networks and external perimeter attack surface monitoring
CTL-IAM-GOV,Identity Governance & Entitlement Certification,Identity,65.0,72.0,0.13,87.0,Compliance Director,Partially Implemented,SVC004;SVC005;SVC008,Quarterly automated user access reviews orphaned account de-provisioning and least-privilege role matrix reconciliation
CTL-SOC-SOAR,Automated Security Orchestration & Incident Response,Operations,70.0,75.0,0.15,91.0,SOC Automation Lead,Partially Implemented,SVC001;SVC002;SVC003;SVC004;SVC007,Automated playbook response for IP blacklisting compromised token revocation and perimeter firewall rule injection
