incident_number,title,incident_type,severity,status,asset_id_code,business_service_id,business_service,estimated_financial_loss,detected_at,resolved_at,description
INC-2026-1001,Suspicious Brute-Force Password Spray on Customer SSO Gateway,Suspicious Authentication Activity,Medium,Closed,A015,SVC005,Customer Identity Service,0.0,2026-08-04 03:14:22,2026-08-04 04:30:10,Synthetic demonstration record. Automated password spraying detected across 420 customer accounts. Mitigated via adaptive risk lockout and CAPTCHA challenge.
INC-2026-1002,Anomalous Outbound Data Transfer from Analytics Lake,Data-Access Anomaly,Critical,Investigating,A023,SVC009,Cloud Data Analytics Lake,850000.0,2026-09-22 14:10:00,,Synthetic demonstration record. DLP rule triggered on encrypted 18GB archive export to unapproved foreign cloud endpoint. Forensic containment in progress.
INC-2026-1003,Phishing Link Targeting Corporate Payroll Operators,Phishing Campaign,Medium,Closed,A021,SVC008,Internal Employee Portal,15000.0,2026-08-11 10:20:15,2026-08-11 12:45:00,Synthetic demonstration record. Spoofed executive email requesting bank mandate update. Blocked at email gateway; two endpoints quarantined and sanitized.
INC-2026-1004,Privileged Service Account Key Rotation Failure,Unauthorized Privilege Escalation,High,Mitigated,A003,SVC001,Payment Gateway,120000.0,2026-09-15 08:30:00,2026-09-15 11:15:00,Synthetic demonstration record. Automated token rotator encountered timeout leaving secondary token active. Key revoked and manual rotation verified.
INC-2026-1005,Volumetric DDoS Burst on Payment Ingress Gateway,DDoS Ingress Spike,High,Closed,A001,SVC001,Payment Gateway,320000.0,2026-08-28 19:40:00,2026-08-28 20:55:00,Synthetic demonstration record. 45 Gbps UDP flood mitigated by edge scrubbing center. Minimal transient latency recorded on payment API ingress.
INC-2026-1006,Suspicious Registry Modification on Bastion Jump Host,Malware Detection,Critical,Closed,A016,SVC005,Customer Identity Service,450000.0,2026-08-19 23:15:00,2026-08-20 02:40:00,Synthetic demonstration record. EDR sensor detected persistence key write attempt matching BlackLotus signature. Host isolated and reimaged from golden AMI.
INC-2026-1007,SQL Injection Automated Scanner Probes on Retail Web,Suspicious API Traffic,Low,Closed,A005,SVC002,Customer Internet Banking,0.0,2026-09-02 01:10:00,2026-09-02 01:45:00,Synthetic demonstration record. Blind SQLi probe detected against customer feedback form. Dropped by WAF rule set without backend database exposure.
INC-2026-1008,Malicious PowerShell Execution Blocked by EDR Sensor,Malware Detection,High,Closed,A014,SVC005,Customer Identity Service,180000.0,2026-08-25 16:05:00,2026-08-25 17:30:00,Synthetic demonstration record. Encoded PowerShell command attempting LSASS memory access terminated by behavioral prevention engine.
INC-2026-1009,Exposed Test API Endpoint Detected During External Scan,Exposed Service,Medium,Closed,A017,SVC006,Loan Processing Platform,50000.0,2026-09-08 11:00:00,2026-09-08 14:20:00,Synthetic demonstration record. Staging loan application endpoint inadvertently exposed without authentication. Port closed and security group restricted.
INC-2026-1010,Compromised Contractor VPN Session Immediate Revocation,Credential Compromise Attempt,Medium,Closed,A022,SVC008,Internal Employee Portal,45000.0,2026-09-12 18:22:00,2026-09-12 18:50:00,Synthetic demonstration record. Geographic impossible travel detected on contractor credential between Mumbai and London within 10 minutes. Session terminated.
INC-2026-1011,Excessive Failed Transaction Burst from Single Subnet,Suspicious API Traffic,High,Closed,A008,SVC003,Mobile Banking API,210000.0,2026-09-18 21:12:00,2026-09-18 22:45:00,Synthetic demonstration record. Automated card testing botnet generated 12000 invalid CVV attempts. Subnet rate-limited and IP range blocked.
INC-2026-1012,Unauthorized SSH Connection Attempt from Dormant IP,Suspicious Authentication Activity,High,Closed,A011,SVC004,Core Banking Ledger,0.0,2026-08-30 04:18:00,2026-08-30 05:00:00,Synthetic demonstration record. Internal host probe blocked by network micro-segmentation rules. Source machine investigated and cleared.
INC-2026-1013,API Rate Limit Breach on Partner Webhook Ingress,Suspicious API Traffic,Medium,Closed,A025,SVC010,Partner B2B Integration Hub,0.0,2026-09-20 13:00:00,2026-09-20 13:35:00,Synthetic demonstration record. Fintech partner misconfiguration triggered 5x contracted rate limits. Ingress throttled and partner notified.
INC-2026-1014,Stale Kerberos Ticket Replay Alert on Domain Controller,Credential Compromise Attempt,High,Investigating,A014,SVC005,Customer Identity Service,250000.0,2026-09-24 15:40:00,,Synthetic demonstration record. SOC alert on duplicated TGT ticket detected across two internal workstations. Active Kerberos krbtgt rotation initiated.
INC-2026-1015,High-Velocity Loan Application Anomaly Detected,Data-Access Anomaly,Medium,Closed,A018,SVC006,Loan Processing Platform,80000.0,2026-09-05 14:15:00,2026-09-05 16:30:00,Synthetic demonstration record. Algorithmic fraud engine flagged batch of 45 applications sharing identical employer GSTIN. Applications frozen for manual review.
INC-2026-1016,Redis Cache Connection Spike on Fraud Ingestion Stream,Suspicious API Traffic,Low,Closed,A020,SVC007,Fraud Detection Platform,0.0,2026-09-10 09:50:00,2026-09-10 10:20:00,Synthetic demonstration record. Sudden connection exhaustion on Redis cluster due to consumer thread leak. Restarted worker pods and resolved leak.
