id,name,code,tier,criticality,business_impact_score,financial_loss_per_hour,owner,status,description,confidence
SVC001,Payment Gateway,SRV-PAY,Tier 1,Critical,95.0,1200000.0,Arun Verma (VP Payments),Operational,Real-time card acquiring UPI transaction settlement and merchant processing gateway,96.0
SVC002,Customer Internet Banking,SRV-IBANK,Tier 1,Critical,92.0,950000.0,Sneha Kulkarni (Head of Digital Banking),Operational,Omnichannel retail web banking portal serving 4.2M active savings and current accounts,94.5
SVC003,Mobile Banking API,SRV-MAPI,Tier 1,Critical,90.0,850000.0,Amitabh Roy (Lead Mobile Architect),Operational,RESTful API edge cluster serving iOS and Android mobile banking applications,93.0
SVC004,Core Banking Ledger,SRV-CBS,Tier 1,Critical,98.0,2500000.0,Devendra Nath (Chief Technology Officer),Operational,Finacle enterprise ledger account management and RTGS/NEFT interbank clearing,97.5
SVC005,Customer Identity Service,SRV-IAM,Tier 2,High,85.0,400000.0,Karan Kapoor (IAM Principal Architect),Operational,OAuth2 OIDC customer authentication biometrics and centralized access tokens,92.0
SVC006,Loan Processing Platform,SRV-LOAN,Tier 2,High,78.0,450000.0,Gaurav Malhotra (VP Lending Solutions),Operational,Automated retail loan origination credit appraisal and KYC verification pipeline,90.5
SVC007,Fraud Detection Platform,SRV-FRAUD,Tier 2,High,82.0,500000.0,Dr. Meenakshi Sundaram (Head of AI/Fraud),Operational,Real-time streaming behavioral fraud scoring and anomalous transaction blocking,91.0
SVC008,Internal Employee Portal,SRV-ERP,Tier 3,Medium,55.0,150000.0,Ritu Saxena (VP Corporate IT),Operational,Internal HRMS payroll ERP ticketing and corporate employee collaboration portal,88.0
SVC009,Cloud Data Analytics Lake,SRV-DWH,Tier 2,High,76.0,350000.0,Radhika Nair (Director of Data Engineering),Operational,Snowflake BigQuery analytical repository for executive reporting and AML models,89.5
SVC010,Partner B2B Integration Hub,SRV-B2B,Tier 2,High,80.0,500000.0,Manoj Das (VP Strategic Integrations),Operational,Mutual fund insurance and co-branded card partner SFTP and webhook interchange,90.0
