code,name,category,one_time_cost,recurring_cost,expected_risk_reduction,implementation_weeks,capacity_requirement,is_mandatory,dependencies,confidence_pct,affected_services,affected_controls,description
INV-MFA-01,Universal Phishing-Resistant MFA (FIDO2),Identity & Access,1200000.0,250000.0,14.5,6,Low,TRUE,"[]",94.0,Payment Gateway;Customer Internet Banking;Customer Identity Service,CTL-MFA;CTL-IAM,Enforce WebAuthn / FIDO2 hardware security keys across all administrative bastions and financial transactional approval workflows.
INV-SEG-02,Zero Trust Micro-Segmentation Architecture,Network Security,1800000.0,350000.0,13.0,10,Medium,FALSE,"[""INV-MFA-01""]",91.0,Payment Gateway;Core Banking Ledger;Loan Processing Platform,CTL-SEG,Implement granular east-west traffic policy enforcement across payment and core banking VPC subnets to isolate blast radiuses.
INV-EDR-03,EDR / XDR Deep Telemetry Sensor Expansion,Endpoint Security,1400000.0,300000.0,10.5,8,Medium,FALSE,"[]",92.0,Payment Gateway;Mobile Banking API;Customer Identity Service;Cloud Data Analytics Lake,CTL-EDR,Rollout comprehensive managed behavioral detection sensors and real-time automated process isolation across all servers.
INV-PATCH-04,Automated Vulnerability Patching Pipeline,Vulnerability Management,500000.0,120000.0,6.5,6,Low,FALSE,"[]",89.0,Payment Gateway;Customer Internet Banking;Mobile Banking API,CTL-PATCH,Deploy continuous blue-green automated OS and container patch deployment playbooks for CVSS >= 7.0 flaws.
INV-BAK-05,Air-Gapped Immutable Ransomware Vault,Data Protection,2200000.0,450000.0,11.0,12,High,TRUE,"[]",95.0,Core Banking Ledger;Payment Gateway;Cloud Data Analytics Lake,CTL-BAK,Deploy isolated WORM object-locked cyber recovery vault with automated daily cryptographic restoration drills.
INV-WAF-06,AI-Powered API Protection & WAAP Gateway Upgrade,Application Security,800000.0,180000.0,7.5,6,Low,FALSE,"[]",90.0,Payment Gateway;Customer Internet Banking;Mobile Banking API;Partner B2B Integration Hub,CTL-WAF,Upgrade edge Web Application and API Protection firewall with automated layer-7 bot mitigation and token validation.
INV-PAM-07,Enterprise Privileged Access Management (PAM) Vault,Identity & Access,1500000.0,280000.0,10.0,8,Medium,FALSE,"[""INV-MFA-01""]",90.0,Customer Identity Service;Core Banking Ledger;Payment Gateway,CTL-PAM,Deploy enterprise bastion credential vaulting with automated one-time password rotation and session proxying.
INV-SIEM-08,Next-Gen Cloud SIEM & Behavioral Analytics (UEBA),Security Operations,1600000.0,360000.0,8.0,10,Medium,FALSE,"[]",88.0,Customer Identity Service;Fraud Detection Platform;Core Banking Ledger,CTL-SIEM,Expand centralized log ingestion pipeline with streaming entity behavioral analytics for insider anomaly detection.
INV-DLP-09,Cloud Data Loss Prevention (DLP) & Tokenization Upgrade,Data Protection,800000.0,150000.0,6.0,6,Low,FALSE,"[]",87.0,Customer Internet Banking;Loan Processing Platform;Cloud Data Analytics Lake,CTL-DLP,Deploy automated cardholder data classification and inline outbound exfiltration blocking across all egress proxies.
INV-ENCR-10,Post-Quantum Hardware Security Module (HSM) Cryptographic Upgrade,Data Protection,2500000.0,400000.0,10.0,14,High,FALSE,"[]",93.0,Payment Gateway;Core Banking Ledger,CTL-ENCR-REST;CTL-ENCR-TRANS,Upgrade transactional cryptographic HSM appliances to FIPS 140-3 Level 4 standards supporting hybrid quantum-safe algorithms.
INV-SOAR-11,Automated Incident Response SOAR Playbooks,Security Operations,800000.0,160000.0,7.0,6,Low,FALSE,"[""INV-SIEM-08""]",89.0,Payment Gateway;Customer Internet Banking;Customer Identity Service,CTL-SOC-SOAR,Deploy automated orchestration playbooks for instant perimeter firewall quarantine of compromised IP ranges and credentials.
INV-ZTNA-12,Zero-Trust Network Access (ZTNA) for Remote Workforce,Network Security,1200000.0,220000.0,8.0,8,Medium,FALSE,"[""INV-MFA-01""]",92.0,Internal Employee Portal;Customer Identity Service,CTL-SEG;CTL-MFA,Replace legacy IPsec/SSL VPN with contextual per-application identity-aware software-defined perimeter gateways.
INV-CSPM-13,Cloud Security Posture Management & Drift Remediation,Application Security,600000.0,140000.0,5.5,4,Low,FALSE,"[]",91.0,Cloud Data Analytics Lake;Mobile Banking API,CTL-VM,Implement real-time cloud infrastructure drift detection and auto-remediation for public S3 buckets and security groups.
INV-TRAIN-14,Continuous Role-Based Secure Code & Anti-Phishing Program,Security Operations,400000.0,100000.0,4.0,4,Low,FALSE,"[]",86.0,Customer Internet Banking;Payment Gateway;Loan Processing Platform,CTL-IAM-GOV,Conduct monthly adversary phishing simulations and mandatory secure code development certifications for engineering staff.
